PST130_10393	34	35	C	21	CC	0/0	1.0
PST130_10393	35	36	A	23	AA	0/0	1.0
PST130_10393	36	37	T	28	TT	0/0	1.0
PST130_10393	37	38	C	22	CC	0/0	1.0
PST130_10393	40	41	C	24	CC	0/0	1.0
PST130_10393	43	44	C	21	CC	0/0	1.0
PST130_10393	45	46	G	21	GG	0/0	0.952
PST130_10393	46	47	A	32	AA	0/0	1.0
PST130_10393	47	48	T	33	TT	0/0	1.0
PST130_10393	48	49	A	26	AA	0/0	1.0
PST130_10393	49	50	C	24	CC	0/0	1.0
PST130_10393	50	51	T	26	TT	0/0	1.0
PST130_10393	51	52	A	22	AA	0/0	1.0
PST130_10393	52	53	T	29	TT	0/0	1.0
PST130_10393	53	54	C	26	CC	0/0	0.962
PST130_10393	54	55	A	29	AA	0/0	1.0
PST130_10393	55	56	C	27	CC	0/0	1.0
PST130_10393	56	57	T	27	TT	0/0	1.0
PST130_10393	57	58	A	27	AA	0/0	1.0
PST130_10393	58	59	T	24	TT	0/0	1.0
PST130_10393	59	60	C	25	CC	0/0	1.0
PST130_10393	60	61	A	26	AA	0/0	1.0
PST130_10393	61	62	A	28	AA	0/0	0.964
PST130_10393	62	63	C	21	CC	0/0	1.0
PST130_10393	63	64	A	24	AA	0/0	1.0
PST130_10393	66	67	A	22	AA	0/0	1.0
PST130_10393	69	70	G	21	GG	0/0	1.0
PST130_10393	73	74	C	21	CC	0/0	0.952
PST130_10393	76	77	C	24	CC	0/0	1.0
PST130_10393	77	78	C	24	CC	0/0	1.0
PST130_10393	78	79	G	27	GG	0/0	1.0
PST130_10393	80	81	C	20	CC	0/0	1.0
PST130_10393	81	82	T	20	TT	0/0	0.95
PST130_10393	84	85	A	21	AA	0/0	1.0
PST130_10393	87	88	C	24	CC	0/0	1.0
PST130_10393	88	89	T	23	TT	0/0	1.0
PST130_10393	89	90	A	28	AA	0/0	1.0
PST130_10393	90	91	T	31	TT	0/0	1.0
PST130_10393	91	92	C	22	CC	0/0	1.0
PST130_10393	92	93	T	22	TT	0/0	1.0
PST130_10393	94	95	T	22	TT	0/0	0.955
PST130_10393	95	96	T	36	TT	0/0	1.0
PST130_10393	96	97	T	32	TT	0/0	1.0
PST130_10393	99	100	A	25	AA	0/0	1.0
PST130_10393	100	101	T	27	TT	0/0	1.0
PST130_10393	101	102	C	27	CC	0/0	1.0
PST130_10393	102	103	A	23	AA	0/0	1.0
PST130_10393	103	104	G	20	GG	0/0	0.95
PST130_10393	104	105	C	28	CC	0/0	1.0
PST130_10393	105	106	C	26	CC	0/0	1.0
PST130_10393	106	107	T	26	TT	0/0	1.0
PST130_10393	107	108	G	25	GG	0/0	1.0
PST130_10393	108	109	T	26	TT	0/0	1.0
PST130_10393	109	110	C	26	CC	0/0	1.0
PST130_10393	115	116	C	31	CC	0/0	0.968
PST130_10393	116	117	C	32	CC	0/0	0.969
PST130_10393	117	118	G	26	GG	0/0	0.962
PST130_10393	118	119	T	32	TT	0/0	0.969
PST130_10393	119	120	T	35	TT	0/0	1.0
PST130_10393	120	121	T	35	TT	0/0	1.0
PST130_10393	121	122	T	27	TT	0/0	1.0
PST130_10393	122	123	A	20	AA	0/0	1.0
PST130_10393	123	124	G	27	GG	0/0	0.963
PST130_10393	124	125	A	30	AA	0/0	1.0
PST130_10393	125	126	C	31	CC	0/0	1.0
PST130_10393	126	127	C	27	CC	0/0	1.0
PST130_10393	127	128	T	24	TT	0/0	1.0
PST130_10393	128	129	C	25	CC	0/0	1.0
PST130_10393	137	138	T	30	TT	0/0	1.0
PST130_10393	138	139	A	24	AA	0/0	1.0
PST130_10393	139	140	T	22	TT	0/0	1.0
PST130_10393	140	141	C	20	CC	0/0	1.0
PST130_10393	142	143	C	21	CC	0/0	1.0
PST130_10393	151	152	C	20	CC	0/0	1.0
PST130_10393	152	153	C	28	CC	0/0	1.0
PST130_10393	153	154	A	28	AA	0/0	1.0
PST130_10393	154	155	A	31	AA	0/0	1.0
PST130_10393	155	156	T	29	TT	0/0	0.862
PST130_10393	156	157	C	26	CC	0/0	1.0
PST130_10393	158	159	A	24	AA	0/0	0.917
PST130_10393	159	160	A	26	AA	0/0	1.0
PST130_10393	162	163	G	24	GG	0/0	1.0
PST130_10393	163	164	T	30	TT	0/0	1.0
PST130_10393	164	165	C	31	CC	0/0	1.0
PST130_10393	165	166	G	21	GG	0/0	1.0
PST130_10393	166	167	A	20	AA	0/0	1.0
PST130_10393	167	168	G	31	GG	0/0	1.0
PST130_10393	168	169	G	27	GG	0/0	1.0
PST130_10393	169	170	C	25	CC	0/0	1.0
PST130_10393	170	171	G	30	GG	0/0	1.0
PST130_10393	171	172	G	20	GG	0/0	1.0
PST130_10393	172	173	A	22	AA	0/0	1.0
PST130_10393	173	174	G	20	GG	0/0	1.0
PST130_10393	174	175	A	24	AA	0/0	1.0
PST130_10393	175	176	A	26	AA	0/0	1.0
PST130_10393	177	178	C	26	CC	0/0	1.0
PST130_10393	178	179	A	20	AA	0/0	0.95
PST130_10393	181	182	G	22	GG	0/0	0.955
PST130_10393	186	187	T	29	TT	0/0	1.0
PST130_10393	187	188	A	22	AA	0/0	1.0
PST130_10393	189	190	T	29	TT	0/0	1.0
PST130_10393	190	191	G	28	GG	0/0	1.0
PST130_10393	191	192	G	29	GG	0/0	1.0
PST130_10393	192	193	A	29	AA	0/0	1.0
PST130_10393	193	194	A	21	AA	0/0	1.0
PST130_10393	194	195	T	30	TT	0/0	0.967
PST130_10393	195	196	T	20	TT	0/0	1.0
PST130_10393	196	197	G	20	GG	0/0	1.0
PST130_10393	197	198	A	27	AA	0/0	1.0
PST130_10393	198	199	T	29	TT	0/0	1.0
PST130_10393	199	200	G	33	GG	0/0	1.0
PST130_10393	200	201	G	37	GG	0/0	1.0
PST130_10393	201	202	A	33	AA	0/0	1.0
PST130_10393	202	203	T	32	TT	0/0	1.0
PST130_10393	207	208	T	24	TT	0/0	0.958
PST130_10393	208	209	C	22	CC	0/0	0.955
PST130_10393	209	210	T	28	TT	0/0	0.964
PST130_10393	210	211	C	28	CC	0/0	1.0
PST130_10393	211	212	C	32	CC	0/0	1.0
PST130_10393	212	213	A	27	AA	0/0	1.0
PST130_10393	213	214	T	31	TT	0/0	1.0
PST130_10393	214	215	T	34	TT	0/0	1.0
PST130_10393	215	216	T	33	TT	0/0	0.97
PST130_10393	216	217	T	21	TT	0/0	1.0
PST130_10393	217	218	A	25	AA	0/0	1.0
PST130_10393	218	219	T	29	TT	0/0	1.0
PST130_10393	219	220	A	26	AA	0/0	0.962
PST130_10393	220	221	G	24	GG	0/0	0.958
PST130_10393	221	222	A	28	AA	0/0	1.0
PST130_10393	222	223	T	28	TT	0/0	0.964
PST130_10393	223	224	C	30	CC	0/0	1.0
PST130_10393	224	225	G	28	GG	0/0	1.0
PST130_10393	225	226	G	36	GG	0/0	1.0
PST130_10393	226	227	T	32	TT	0/0	1.0
PST130_10393	227	228	C	25	CC	0/0	1.0
PST130_10393	230	231	A	22	AA	0/0	1.0
PST130_10393	231	232	T	30	TT	0/0	1.0
PST130_10393	232	233	C	31	CC	0/0	1.0
PST130_10393	233	234	T	34	TT	0/0	1.0
PST130_10393	234	235	C	32	CC	0/0	1.0
PST130_10393	236	237	A	27	AA	0/0	1.0
PST130_10393	237	238	A	30	AA	0/0	1.0
PST130_10393	238	239	A	21	AA	0/0	1.0
PST130_10393	242	243	T	22	TT	0/0	1.0
PST130_10393	243	244	A	23	AA	0/0	1.0
PST130_10393	244	245	A	28	AA	0/0	1.0
PST130_10393	245	246	T	22	TT	0/0	1.0
PST130_10393	246	247	C	25	CC	0/0	1.0
PST130_10393	247	248	T	24	TT	0/0	1.0
PST130_10393	248	249	G	30	GG	0/0	1.0
PST130_10393	249	250	A	30	AA	0/0	1.0
PST130_10393	250	251	C	34	CC	0/0	1.0
PST130_10393	251	252	C	30	CC	0/0	1.0
PST130_10393	260	261	T	27	TT	0/0	1.0
PST130_10393	261	262	T	28	TT	0/0	1.0
PST130_10393	262	263	T	28	TT	0/0	0.964
PST130_10393	263	264	C	30	CC	0/0	1.0
PST130_10393	264	265	A	35	AA	0/0	1.0
PST130_10393	265	266	T	34	TT	0/0	1.0
PST130_10393	266	267	C	28	CC	0/0	1.0
PST130_10393	267	268	T	34	TT	0/0	1.0
PST130_10393	268	269	T	31	TT	0/0	1.0
PST130_10393	269	270	G	24	GG	0/0	1.0
PST130_10393	270	271	C	23	CC	0/0	1.0
PST130_10393	272	273	G	22	GG	0/0	1.0
PST130_10393	273	274	T	23	TT	0/0	1.0
PST130_10393	274	275	A	25	AA	0/0	1.0
PST130_10393	275	276	A	29	AA	0/0	1.0
PST130_10393	276	277	T	27	TT	0/0	1.0
PST130_10393	277	278	T	37	TT	0/0	1.0
PST130_10393	278	279	T	36	TT	0/0	0.972
PST130_10393	279	280	A	27	AA	0/0	1.0
PST130_10393	280	281	T	33	TT	0/0	1.0
PST130_10393	281	282	T	33	TT	0/0	1.0
PST130_10393	282	283	C	30	CC	0/0	1.0
PST130_10393	283	284	A	22	AA	0/0	1.0
PST130_10393	284	285	G	32	GG	0/0	1.0
PST130_10393	285	286	G	37	GG	0/0	1.0
PST130_10393	286	287	G	36	GG	0/0	1.0
PST130_10393	287	288	C	31	CC	0/0	1.0
PST130_10393	288	289	G	25	GG	0/0	1.0
PST130_10393	289	290	A	24	AA	0/0	1.0
PST130_10393	290	291	G	27	GG	0/0	1.0
PST130_10393	291	292	T	22	TT	0/0	0.955
PST130_10393	292	293	C	23	CC	0/0	1.0
PST130_10393	293	294	T	31	TT	0/0	1.0
PST130_10393	294	295	T	26	TT	0/0	1.0
PST130_10393	295	296	G	26	GG	0/0	0.962
PST130_10393	296	297	A	25	AA	0/0	1.0
PST130_10393	297	298	A	27	AA	0/0	0.963
PST130_10393	298	299	G	25	GG	0/0	1.0
PST130_10393	299	300	G	34	GG	0/0	1.0
PST130_10393	300	301	A	33	AA	0/0	1.0
PST130_10393	301	302	T	37	TT	0/0	1.0
PST130_10393	302	303	G	41	GG	0/0	0.976
PST130_10393	303	304	A	39	AA	0/0	1.0
PST130_10393	304	305	C	33	CC	0/0	1.0
PST130_10393	305	306	A	23	AA	0/0	1.0
PST130_10393	306	307	G	22	GG	0/0	1.0
PST130_10393	307	308	C	28	CC	0/0	1.0
PST130_10393	308	309	G	26	GG	0/0	1.0
PST130_10393	309	310	T	22	TT	0/0	1.0
PST130_10393	310	311	A	28	AA	0/0	1.0
PST130_10393	311	312	T	29	TT	0/0	1.0
PST130_10393	312	313	T	34	TT	0/0	0.971
PST130_10393	313	314	A	31	AA	0/0	0.968
PST130_10393	314	315	T	34	TT	0/0	1.0
PST130_10393	315	316	C	27	CC	0/0	1.0
PST130_10393	316	317	T	30	TT	0/0	0.967
PST130_10393	317	318	G	35	GG	0/0	1.0
PST130_10393	318	319	A	38	AA	0/0	1.0
PST130_10393	319	320	A	38	AA	0/0	1.0
PST130_10393	320	321	T	36	TT	0/0	1.0
PST130_10393	321	322	A	32	AA	0/0	1.0
PST130_10393	322	323	C	22	CC	0/0	1.0
PST130_10393	323	324	A	24	AA	0/0	1.0
PST130_10393	324	325	A	24	AA	0/0	1.0
PST130_10393	326	327	A	20	AA	0/0	0.95
PST130_10393	327	328	T	22	TT	0/0	0.955
PST130_10393	328	329	C	25	CC	0/0	0.88
PST130_10393	330	331	A	20	AA	0/0	1.0
PST130_10393	331	332	A	20	AA	0/0	1.0
PST130_10393	335	336	G	21	GG	0/0	0.952
PST130_10393	336	337	G	24	GG	0/0	0.958
PST130_10393	337	338	C	23	CC	0/0	1.0
PST130_10393	338	339	C	25	CC	0/0	1.0
PST130_10393	343	344	A	23	AA	0/0	1.0
PST130_10393	344	345	A	31	AA	0/0	1.0
PST130_10393	345	346	T	23	TT	0/0	1.0
PST130_10393	346	347	A	25	AA	0/0	1.0
PST130_10393	347	348	C	24	CC	0/0	1.0
PST130_10393	348	349	A	26	AA	0/0	1.0
PST130_10393	349	350	T	27	TT	0/0	1.0
PST130_10393	350	351	A	28	AA	0/0	1.0
PST130_10393	351	352	T	28	TT	0/0	1.0
PST130_10393	352	353	G	32	GG	0/0	1.0
PST130_10393	353	354	G	35	GG	0/0	1.0
PST130_10393	354	355	T	31	TT	0/0	1.0
PST130_10393	355	356	C	29	CC	0/0	1.0
PST130_10393	356	357	A	20	AA	0/0	1.0
PST130_10393	359	360	G	31	GG	0/0	1.0
PST130_10393	360	361	G	30	GG	0/0	1.0
PST130_10393	361	362	C	27	CC	0/0	1.0
PST130_10393	362	363	G	23	GG	0/0	1.0
PST130_10393	363	364	C	28	CC	0/0	0.964
PST130_10393	364	365	A	23	AA	0/0	0.957
PST130_10393	365	366	C	25	CC	0/0	1.0
PST130_10393	366	367	C	24	CC	0/0	1.0
PST130_10393	367	368	T	23	TT	0/0	0.957
PST130_10393	368	369	C	29	CC	0/0	1.0
PST130_10393	369	370	G	25	GG	0/0	1.0
PST130_10393	370	371	A	22	AA	0/0	1.0
PST130_10393	373	374	A	30	AA	0/0	1.0
PST130_10393	374	375	A	24	AA	0/0	1.0
PST130_10393	375	376	C	22	CC	0/0	1.0
PST130_10393	376	377	A	24	AA	0/0	1.0
PST130_10393	377	378	A	32	AA	0/0	1.0
PST130_10393	378	379	A	28	AA	0/0	1.0
PST130_10393	382	383	A	25	AA	0/0	1.0
PST130_10393	383	384	A	27	AA	0/0	1.0
PST130_10393	384	385	C	25	CC	0/0	1.0
PST130_10393	385	386	A	28	AA	0/0	1.0
PST130_10393	386	387	C	34	CC	0/0	1.0
PST130_10393	387	388	C	33	CC	0/0	1.0
PST130_10393	388	389	G	28	GG	0/0	1.0
PST130_10393	389	390	G	27	GG	0/0	1.0
PST130_10393	390	391	C	26	CC	0/0	1.0
PST130_10393	391	392	A	33	AA	0/0	1.0
PST130_10393	392	393	A	24	AA	0/0	1.0
PST130_10393	393	394	C	24	CC	0/0	1.0
PST130_10393	394	395	A	26	AA	0/0	0.962
PST130_10393	395	396	C	25	CC	0/0	1.0
PST130_10393	396	397	A	32	AA	0/0	1.0
PST130_10393	397	398	A	28	AA	0/0	1.0
PST130_10393	398	399	C	24	CC	0/0	1.0
PST130_10393	399	400	A	31	AA	0/0	1.0
PST130_10393	400	401	A	34	AA	0/0	1.0
PST130_10393	401	402	A	30	AA	0/0	1.0
PST130_10393	406	407	T	23	TT	0/0	1.0
PST130_10393	407	408	T	28	TT	0/0	1.0
PST130_10393	408	409	C	27	CC	0/0	1.0
PST130_10393	409	410	G	28	GG	0/0	1.0
PST130_10393	410	411	A	29	AA	0/0	1.0
PST130_10393	411	412	A	27	AA	0/0	1.0
PST130_10393	416	417	A	33	AA	0/0	1.0
PST130_10393	417	418	A	35	AA	0/0	1.0
PST130_10393	418	419	C	36	CC	0/0	1.0
PST130_10393	419	420	G	33	GG	0/0	1.0
PST130_10393	420	421	C	33	CC	0/0	1.0
PST130_10393	421	422	C	33	CC	0/0	1.0
PST130_10393	422	423	G	36	GG	0/0	1.0
PST130_10393	423	424	G	37	GG	0/0	1.0
PST130_10393	424	425	T	32	TT	0/0	1.0
PST130_10393	425	426	C	32	CC	0/0	1.0
PST130_10393	426	427	A	26	AA	0/0	1.0
PST130_10393	427	428	A	27	AA	0/0	1.0
PST130_10393	428	429	C	27	CC	0/0	1.0
PST130_10393	430	431	G	25	GG	0/0	1.0
PST130_10393	431	432	A	25	AA	0/0	1.0
PST130_10393	432	433	T	26	TT	0/0	1.0
PST130_10393	433	434	C	30	CC	0/0	1.0
PST130_10393	434	435	G	23	GG	0/0	1.0
PST130_10393	435	436	C	21	CC	0/0	0.905
PST130_10393	436	437	T	21	TT	0/0	1.0
PST130_10393	438	439	G	26	GG	0/0	1.0
PST130_10393	439	440	G	22	GG	0/0	1.0
PST130_10393	440	441	A	26	AA	0/0	1.0
PST130_10393	441	442	A	27	AA	0/0	0.963
PST130_10393	442	443	C	27	CC	0/0	1.0
PST130_10393	443	444	C	27	CC	0/0	0.963
PST130_10393	446	447	T	23	TT	0/0	0.913
PST130_10393	455	456	T	30	TT	0/0	1.0
PST130_10393	456	457	T	27	TT	0/0	1.0
PST130_10393	460	461	C	20	CC	0/0	1.0
PST130_10393	461	462	A	20	AA	0/0	1.0
PST130_10393	462	463	A	33	AA	0/0	1.0
PST130_10393	465	466	C	21	CC	0/0	1.0
PST130_10393	468	469	C	26	CC	0/0	1.0
PST130_10393	469	470	C	29	CC	0/0	1.0
PST130_10393	470	471	A	28	AA	0/0	1.0
PST130_10393	471	472	A	31	AA	0/0	1.0
PST130_10393	472	473	T	21	TT	0/0	1.0
PST130_10393	473	474	C	23	CC	0/0	1.0
PST130_10393	474	475	A	28	AA	0/0	1.0
PST130_10393	475	476	A	33	AA	0/0	1.0
PST130_10393	476	477	A	34	AA	0/0	1.0
PST130_10393	477	478	T	23	TT	0/0	1.0
PST130_10393	478	479	A	25	AA	0/0	1.0
PST130_10393	479	480	C	33	CC	0/0	1.0
PST130_10393	480	481	C	32	CC	0/0	1.0
PST130_10393	481	482	T	31	TT	0/0	1.0
PST130_10393	482	483	G	36	GG	0/0	1.0
PST130_10393	483	484	G	31	GG	0/0	1.0
PST130_10393	484	485	T	23	TT	0/0	1.0
PST130_10393	485	486	T	25	TT	0/0	1.0
PST130_10393	486	487	T	26	TT	0/0	1.0
PST130_10393	489	490	A	22	AA	0/0	1.0
PST130_10393	495	496	T	25	TT	0/0	1.0
PST130_10393	496	497	C	23	CC	0/0	0.957
PST130_10393	497	498	G	28	GG	0/0	1.0
PST130_10393	498	499	C	33	CC	0/0	1.0
PST130_10393	499	500	C	29	CC	0/0	1.0
PST130_10393	500	501	G	30	GG	0/0	1.0
PST130_10393	501	502	A	27	AA	0/0	1.0
PST130_10393	502	503	T	26	TT	0/0	1.0
PST130_10393	504	505	T	24	TT	0/0	1.0
PST130_10393	505	506	T	22	TT	0/0	1.0
PST130_10393	506	507	G	21	GG	0/0	1.0
PST130_10393	507	508	G	20	GG	0/0	1.0
PST130_10393	508	509	C	20	CC	0/0	1.0
PST130_10393	509	510	A	21	AA	0/0	1.0
PST130_10393	510	511	T	24	TT	0/0	1.0
PST130_10393	511	512	T	27	TT	0/0	1.0
PST130_10393	512	513	A	20	AA	0/0	1.0
PST130_10393	513	514	G	27	GG	0/0	1.0
PST130_10393	514	515	T	33	TT	0/0	1.0
PST130_10393	515	516	T	33	TT	0/0	1.0
PST130_10393	516	517	C	27	CC	0/0	1.0
PST130_10393	517	518	A	25	AA	0/0	1.0
PST130_10393	518	519	G	21	GG	0/0	1.0
PST130_10393	519	520	T	22	TT	0/0	1.0
PST130_10393	534	535	C	22	CC	0/0	1.0
PST130_10393	537	538	C	25	CC	0/0	1.0
PST130_10393	538	539	A	29	AA	0/0	1.0
PST130_10393	539	540	T	32	TT	0/0	1.0
PST130_10393	540	541	C	29	CC	0/0	1.0
PST130_10393	541	542	C	23	CC	0/0	1.0
PST130_10393	546	547	T	24	TT	0/0	1.0
PST130_10393	547	548	G	28	GG	0/0	1.0
PST130_10393	548	549	A	33	AA	0/0	1.0
PST130_10393	549	550	A	30	AA	0/0	1.0
PST130_10393	557	558	A	21	AA	0/0	0.952
PST130_10393	559	560	T	20	TT	0/0	1.0
PST130_10393	560	561	T	26	TT	0/0	1.0
PST130_10393	567	568	C	20	CC	0/0	1.0
PST130_10393	568	569	C	22	CC	0/0	1.0
PST130_10393	569	570	A	27	AA	0/0	1.0
PST130_10393	570	571	T	24	TT	0/0	1.0
PST130_10393	571	572	G	21	GG	0/0	1.0
PST130_10393	585	586	A	22	AA	0/0	0.955
PST130_10393	586	587	T	20	TT	0/0	1.0
PST130_10393	588	589	A	20	AA	0/0	1.0
PST130_10393	592	593	T	20	TT	0/0	1.0
PST130_10393	595	596	C	21	CC	0/0	1.0
PST130_10393	596	597	C	22	CC	0/0	1.0
PST130_10393	597	598	A	20	AA	0/0	1.0
PST130_10393	598	599	A	21	AA	0/0	0.952
PST130_10393	600	601	A	22	AA	0/0	1.0
PST130_10393	601	602	C	23	CC	0/0	1.0
PST130_10393	603	604	T	22	TT	0/0	1.0
PST130_10393	604	605	T	23	TT	0/0	1.0
PST130_10393	607	608	T	25	TT	0/0	1.0
PST130_10393	608	609	A	20	AA	0/0	1.0
PST130_10393	611	612	A	25	AA	0/0	1.0
PST130_10393	612	613	A	29	AA	0/0	1.0
PST130_10393	613	614	T	29	TT	0/0	1.0
PST130_10393	614	615	T	29	TT	0/0	1.0
PST130_10393	615	616	T	28	TT	0/0	1.0
PST130_10393	616	617	A	22	AA	0/0	1.0
PST130_10393	617	618	A	24	AA	0/0	1.0
PST130_10393	621	622	C	26	CC	0/0	1.0
PST130_10393	631	632	C	22	CC	0/0	1.0
PST130_10393	632	633	G	29	GG	0/0	1.0
PST130_10393	633	634	T	31	TT	0/0	1.0
PST130_10393	634	635	T	34	TT	0/0	1.0
PST130_10393	635	636	A	32	AA	0/0	1.0
PST130_10393	636	637	A	27	AA	0/0	1.0
PST130_10393	637	638	T	32	TT	0/0	1.0
PST130_10393	638	639	T	26	TT	0/0	1.0
PST130_10393	641	642	A	26	AA	0/0	1.0
PST130_10393	642	643	T	25	TT	0/0	1.0
PST130_10393	643	644	A	20	AA	0/0	0.95
PST130_10393	644	645	C	23	CC	0/0	1.0
PST130_10393	645	646	C	26	CC	0/0	1.0
PST130_10393	646	647	A	22	AA	0/0	1.0
PST130_10393	647	648	A	25	AA	0/0	1.0
PST130_10393	651	652	T	25	TT	0/0	0.92
PST130_10393	652	653	C	25	CC	0/0	0.92
PST130_10393	655	656	A	20	AA	0/0	1.0
PST130_10393	656	657	A	23	AA	0/0	0.913
PST130_10393	657	658	C	23	CC	0/0	0.957
PST130_10393	658	659	A	24	AA	0/0	0.958
PST130_10393	659	660	T	22	TT	0/0	0.909
PST130_10393	660	661	G	26	GG	0/0	0.923
PST130_10393	661	662	G	22	GG	0/0	0.955
PST130_10393	664	665	A	20	AA	0/0	0.95
PST130_10393	666	667	G	23	GG	0/0	1.0
PST130_10393	667	668	A	27	AA	0/0	1.0
PST130_10393	668	669	A	30	AA	0/0	0.967
PST130_10393	669	670	C	31	CC	0/0	1.0
PST130_10393	670	671	A	28	AA	0/0	1.0
PST130_10393	671	672	T	22	TT	0/0	1.0
PST130_10393	672	673	G	20	GG	0/0	1.0
PST130_10393	673	674	A	24	AA	0/0	1.0
PST130_10393	674	675	T	21	TT	0/0	1.0
PST130_10393	675	676	G	22	GG	0/0	1.0
PST130_10393	676	677	A	28	AA	0/0	1.0
PST130_10393	677	678	A	28	AA	0/0	1.0
PST130_10393	678	679	T	22	TT	0/0	0.955
PST130_10393	679	680	A	29	AA	0/0	1.0
PST130_10393	680	681	A	27	AA	0/0	0.963
PST130_10393	682	683	C	28	CC	0/0	1.0
PST130_10393	692	693	T	20	TT	0/0	1.0
PST130_10393	695	696	A	24	AA	0/0	0.958
PST130_10393	696	697	A	27	AA	0/0	0.963
PST130_10393	697	698	A	21	AA	0/0	1.0
PST130_10393	700	701	G	22	GG	0/0	1.0
PST130_10393	701	702	C	29	CC	0/0	1.0
PST130_10393	702	703	A	25	AA	0/0	1.0
PST130_10393	703	704	G	21	GG	0/0	1.0
PST130_10393	704	705	C	21	CC	0/0	1.0
PST130_10393	705	706	T	25	TT	0/0	1.0
PST130_10393	706	707	C	25	CC	0/0	1.0
PST130_10393	707	708	G	23	GG	0/0	1.0
PST130_10393	708	709	A	22	AA	0/0	1.0
PST130_10393	711	712	T	22	TT	0/0	1.0
PST130_10393	712	713	T	23	TT	0/0	1.0
PST130_10393	715	716	G	20	GG	0/0	1.0
PST130_10393	716	717	A	26	AA	0/0	1.0
PST130_10393	717	718	A	21	AA	0/0	1.0
PST130_10393	720	721	T	20	TT	0/0	1.0
PST130_10393	721	722	C	30	CC	0/0	0.9
PST130_10393	722	723	C	23	CC	0/0	1.0
PST130_10393	724	725	G	21	GG	0/0	1.0
PST130_10393	725	726	C	24	CC	0/0	1.0
PST130_10393	726	727	G	27	GG	0/0	1.0
PST130_10393	727	728	A	26	AA	0/0	1.0
PST130_10393	728	729	T	30	TT	0/0	1.0
PST130_10393	729	730	G	28	GG	0/0	1.0
PST130_10393	730	731	G	29	GG	0/0	1.0
PST130_10393	731	732	T	27	TT	0/0	1.0
PST130_10393	732	733	T	25	TT	0/0	1.0
PST130_10393	733	734	G	21	GG	0/0	1.0
PST130_10393	734	735	A	22	AA	0/0	1.0
PST130_10393	735	736	T	28	TT	0/0	0.964
PST130_10393	736	737	C	27	CC	0/0	0.963
PST130_10393	738	739	G	20	GG	0/0	0.95
PST130_10393	739	740	A	33	AA	0/0	1.0
PST130_10393	740	741	T	32	TT	0/0	1.0
PST130_10393	741	742	G	31	GG	0/0	1.0
PST130_10393	742	743	G	33	GG	0/0	1.0
PST130_10393	743	744	T	31	TT	0/0	1.0
PST130_10393	744	745	C	32	CC	0/0	1.0
PST130_10393	745	746	C	26	CC	0/0	1.0
PST130_10393	746	747	G	23	GG	0/0	1.0
PST130_10393	747	748	T	28	TT	0/0	1.0
PST130_10393	748	749	T	33	TT	0/0	1.0
PST130_10393	749	750	A	28	AA	0/0	1.0
PST130_10393	750	751	A	21	AA	0/0	1.0
PST130_10393	751	752	T	30	TT	0/0	1.0
PST130_10393	752	753	T	21	TT	0/0	1.0
PST130_10393	754	755	A	21	AA	0/0	1.0
PST130_10393	755	756	A	26	AA	0/0	1.0
PST130_10393	756	757	T	26	TT	0/0	1.0
PST130_10393	757	758	T	28	TT	0/0	1.0
PST130_10393	758	759	T	30	TT	0/0	1.0
PST130_10393	759	760	T	27	TT	0/0	1.0
PST130_10393	760	761	A	20	AA	0/0	1.0
PST130_10393	761	762	T	25	TT	0/0	1.0
PST130_10393	762	763	G	27	GG	0/0	1.0
PST130_10393	763	764	C	26	CC	0/0	1.0
PST130_10393	764	765	A	27	AA	0/0	1.0
PST130_10393	765	766	T	27	TT	0/0	1.0
PST130_10393	766	767	A	27	AA	0/0	1.0
PST130_10393	767	768	T	23	TT	0/0	1.0
PST130_10393	768	769	C	21	CC	0/0	1.0
PST130_10393	769	770	A	23	AA	0/0	1.0
PST130_10393	770	771	A	28	AA	0/0	1.0
PST130_10393	771	772	G	27	GG	0/0	1.0
PST130_10393	772	773	A	29	AA	0/0	1.0
PST130_10393	773	774	T	26	TT	0/0	1.0
PST130_10393	774	775	A	29	AA	0/0	1.0
PST130_10393	775	776	T	28	TT	0/0	1.0
PST130_10393	776	777	A	27	AA	0/0	1.0
PST130_10393	777	778	T	23	TT	0/0	1.0
PST130_10393	778	779	A	26	AA	0/0	1.0
PST130_10393	780	781	G	22	GG	0/0	1.0
PST130_10393	781	782	A	20	AA	0/0	1.0
PST130_10393	782	783	T	30	TT	0/0	1.0
PST130_10393	783	784	T	26	TT	0/0	0.962
PST130_10393	785	786	T	24	TT	0/0	1.0
PST130_10393	786	787	T	28	TT	0/0	1.0
PST130_10393	787	788	G	26	GG	0/0	1.0
PST130_10393	788	789	G	22	GG	0/0	1.0
PST130_10393	791	792	G	20	GG	0/0	1.0
PST130_10393	792	793	G	21	GG	0/0	1.0
PST130_10393	794	795	A	23	AA	0/0	1.0
PST130_10393	798	799	A	31	AA	0/0	1.0
PST130_10393	799	800	T	26	TT	0/0	0.962
PST130_10393	800	801	G	28	GG	0/0	1.0
PST130_10393	801	802	A	26	AA	0/0	1.0
PST130_10393	802	803	T	22	TT	0/0	1.0
PST130_10393	803	804	G	21	GG	0/0	1.0
PST130_10393	808	809	T	24	TT	0/0	1.0
PST130_10393	809	810	A	26	AA	0/0	1.0
PST130_10393	810	811	A	30	AA	0/0	1.0
PST130_10393	811	812	C	24	CC	0/0	1.0
PST130_10393	812	813	A	30	AA	0/0	1.0
PST130_10393	813	814	T	32	TT	0/0	1.0
PST130_10393	814	815	T	28	TT	0/0	1.0
PST130_10393	815	816	C	20	CC	0/0	1.0
PST130_10393	816	817	T	29	TT	0/0	1.0
PST130_10393	817	818	T	31	TT	0/0	1.0
PST130_10393	818	819	G	28	GG	0/0	1.0
PST130_10393	819	820	T	21	TT	0/0	1.0
PST130_10393	820	821	T	31	TT	0/0	1.0
PST130_10393	821	822	T	29	TT	0/0	1.0
PST130_10393	822	823	A	25	AA	0/0	1.0
PST130_10393	823	824	T	30	TT	0/0	1.0
PST130_10393	824	825	T	32	TT	0/0	1.0
PST130_10393	825	826	T	23	TT	0/0	1.0
PST130_10393	826	827	G	23	GG	0/0	1.0
PST130_10393	827	828	A	25	AA	0/0	1.0
PST130_10393	828	829	T	29	TT	0/0	1.0
PST130_10393	829	830	T	32	TT	0/0	0.969
PST130_10393	830	831	G	27	GG	0/0	1.0
PST130_10393	831	832	A	23	AA	0/0	1.0
PST130_10393	832	833	T	28	TT	0/0	1.0
PST130_10393	833	834	T	29	TT	0/0	1.0
PST130_10393	834	835	G	24	GG	0/0	1.0
PST130_10393	835	836	A	29	AA	0/0	1.0
PST130_10393	836	837	A	30	AA	0/0	1.0
PST130_10393	837	838	C	24	CC	0/0	1.0
PST130_10393	841	842	T	25	TT	0/0	1.0
PST130_10393	849	850	G	20	GG	0/0	1.0
PST130_10393	850	851	A	25	AA	0/0	1.0
PST130_10393	851	852	T	28	TT	0/0	1.0
PST130_10393	852	853	C	29	CC	0/0	0.966
PST130_10393	853	854	C	25	CC	0/0	1.0
PST130_10393	854	855	A	21	AA	0/0	0.952
PST130_10393	855	856	C	24	CC	0/0	1.0
PST130_10393	856	857	G	22	GG	0/0	1.0
PST130_10393	857	858	C	26	CC	0/0	1.0
PST130_10393	858	859	C	24	CC	0/0	1.0
PST130_10393	862	863	A	25	AA	0/0	1.0
PST130_10393	863	864	A	30	AA	0/0	1.0
PST130_10393	864	865	A	28	AA	0/0	1.0
PST130_10393	865	866	C	28	CC	0/0	1.0
PST130_10393	866	867	T	22	TT	0/0	1.0
PST130_10393	867	868	A	24	AA	0/0	1.0
PST130_10393	869	870	G	25	GG	0/0	1.0
PST130_10393	870	871	G	32	GG	0/0	1.0
PST130_10393	871	872	G	31	GG	0/0	1.0
PST130_10393	872	873	A	27	AA	0/0	0.963
PST130_10393	873	874	C	27	CC	0/0	1.0
PST130_10393	874	875	C	25	CC	0/0	1.0
PST130_10393	889	890	T	22	TT	0/0	1.0
PST130_10393	891	892	T	22	TT	0/0	1.0
PST130_10393	892	893	T	22	TT	0/0	1.0
PST130_10393	896	897	A	21	AA	0/0	1.0
PST130_10393	897	898	T	21	TT	0/0	1.0
PST130_10393	898	899	C	28	CC	0/0	1.0
PST130_10393	899	900	G	29	GG	0/0	1.0
PST130_10393	900	901	C	32	CC	0/0	1.0
PST130_10393	901	902	C	26	CC	0/0	1.0
PST130_10393	902	903	G	28	GG	0/0	1.0
PST130_10393	903	904	A	28	AA	0/0	1.0
PST130_10393	904	905	T	28	TT	0/0	1.0
PST130_10393	905	906	G	23	GG	0/0	1.0
PST130_10393	906	907	T	28	TT	0/0	1.0
PST130_10393	907	908	T	31	TT	0/0	1.0
PST130_10393	908	909	C	24	CC	0/0	1.0
PST130_10393	909	910	C	21	CC	0/0	1.0
PST130_10393	910	911	G	21	GG	0/0	0.952
PST130_10393	911	912	A	24	AA	0/0	1.0
PST130_10393	912	913	C	29	CC	0/0	1.0
PST130_10393	913	914	A	25	AA	0/0	1.0
PST130_10393	914	915	G	22	GG	0/0	1.0
PST130_10393	915	916	A	32	AA	0/0	1.0
PST130_10393	916	917	T	29	TT	0/0	1.0
PST130_10393	917	918	G	26	GG	0/0	1.0
PST130_10393	918	919	T	28	TT	0/0	1.0
PST130_10393	919	920	T	32	TT	0/0	1.0
PST130_10393	920	921	A	31	AA	0/0	1.0
PST130_10393	921	922	A	30	AA	0/0	1.0
PST130_10393	922	923	C	28	CC	0/0	1.0
PST130_10393	923	924	G	28	GG	0/0	1.0
PST130_10393	924	925	A	30	AA	0/0	1.0
PST130_10393	925	926	A	22	AA	0/0	1.0
PST130_10393	926	927	C	20	CC	0/0	1.0
PST130_10393	935	936	G	26	GG	0/0	1.0
PST130_10393	936	937	A	22	AA	0/0	1.0
PST130_10393	937	938	T	23	TT	0/0	0.957
PST130_10393	938	939	G	24	GG	0/0	1.0
PST130_10393	939	940	C	27	CC	0/0	0.963
PST130_10393	940	941	G	29	GG	0/0	0.966
PST130_10393	941	942	T	22	TT	0/0	0.955
PST130_10393	942	943	A	22	AA	0/0	1.0
PST130_10393	943	944	G	23	GG	0/0	1.0
PST130_10393	944	945	C	22	CC	0/0	1.0
PST130_10393	945	946	A	25	AA	0/0	1.0
PST130_10393	946	947	T	26	TT	0/0	1.0
PST130_10393	949	950	A	22	AA	0/0	1.0
PST130_10393	950	951	A	21	AA	0/0	1.0
PST130_10393	952	953	G	26	GG	0/0	1.0
PST130_10393	953	954	T	24	TT	0/0	1.0
PST130_10393	954	955	G	27	GG	0/0	1.0
PST130_10393	955	956	C	27	CC	0/0	1.0
PST130_10393	956	957	G	29	GG	0/0	1.0
PST130_10393	957	958	A	28	AA	0/0	1.0
PST130_10393	958	959	T	26	TT	0/0	1.0
PST130_10393	959	960	G	22	GG	0/0	0.955
PST130_10393	960	961	C	23	CC	0/0	0.957
PST130_10393	963	964	G	20	GG	0/0	1.0
PST130_10393	966	967	G	25	GG	0/0	1.0
PST130_10393	967	968	G	25	GG	0/0	1.0
PST130_10393	968	969	A	20	AA	0/0	1.0
PST130_10393	969	970	G	24	GG	0/0	1.0
PST130_10393	975	976	G	24	GG	0/0	0.958
PST130_10393	976	977	G	20	GG	0/0	0.9
PST130_10393	985	986	A	20	AA	0/0	1.0
PST130_10393	987	988	C	24	CC	0/0	1.0
PST130_10393	990	991	T	24	TT	0/0	1.0
PST130_10393	991	992	T	22	TT	0/0	1.0
PST130_10393	998	999	T	22	TT	0/0	1.0
PST130_10393	999	1000	T	26	TT	0/0	1.0
PST130_10393	1003	1004	G	24	GG	0/0	1.0
PST130_10393	1004	1005	G	30	GG	0/0	1.0
PST130_10393	1005	1006	A	23	AA	0/0	1.0
PST130_10393	1006	1007	T	31	TT	0/0	1.0
PST130_10393	1007	1008	G	30	GG	0/0	1.0
PST130_10393	1008	1009	C	29	CC	0/0	1.0
PST130_10393	1009	1010	C	20	CC	0/0	0.95
PST130_10393	1011	1012	G	25	GG	0/0	1.0
PST130_10393	1012	1013	G	21	GG	0/0	1.0
PST130_10393	1017	1018	G	29	GG	0/0	0.966
PST130_10393	1022	1023	G	22	GG	0/0	1.0
PST130_10393	1024	1025	C	21	CC	0/0	1.0
PST130_10393	1030	1031	G	21	GG	0/0	1.0
PST130_10393	1033	1034	G	23	GG	0/0	0.957
PST130_10393	1034	1035	A	20	AA	0/0	0.95
PST130_10393	1035	1036	C	24	CC	0/0	0.958
PST130_10393	1036	1037	C	28	CC	0/0	1.0
PST130_10393	1037	1038	C	23	CC	0/0	1.0
PST130_10393	1041	1042	G	30	GG	0/0	0.933
PST130_10393	1042	1043	A	23	AA	0/0	0.957
PST130_10393	1043	1044	C	23	CC	0/0	1.0
PST130_10393	1044	1045	C	24	CC	0/0	1.0
PST130_10393	1048	1049	T	22	TT	0/0	1.0
PST130_10393	1050	1051	G	20	GG	0/0	1.0
PST130_10393	1052	1053	G	23	GG	0/0	1.0
PST130_10393	1053	1054	G	27	GG	0/0	1.0
PST130_10393	1055	1056	T	22	TT	0/0	1.0
PST130_10393	1056	1057	G	20	GG	0/0	1.0
PST130_10393	1057	1058	C	22	CC	0/0	1.0
PST130_10393	1070	1071	G	23	GG	0/0	1.0
PST130_10393	1071	1072	A	22	AA	0/0	1.0
PST130_10393	1072	1073	C	25	CC	0/0	1.0
PST130_10393	1073	1074	G	26	GG	0/0	1.0
PST130_10393	1074	1075	G	29	GG	0/0	1.0
PST130_10393	1075	1076	C	24	CC	0/0	1.0
PST130_10393	1076	1077	C	25	CC	0/0	1.0
PST130_10393	1077	1078	G	24	GG	0/0	1.0
PST130_10393	1078	1079	C	27	CC	0/0	1.0
PST130_10393	1079	1080	T	28	TT	0/0	1.0
PST130_10393	1080	1081	G	29	GG	0/0	1.0
PST130_10393	1081	1082	G	25	GG	0/0	1.0
PST130_10393	1082	1083	T	21	TT	0/0	1.0
PST130_10393	1090	1091	C	23	CC	0/0	1.0
PST130_10393	1093	1094	G	26	GG	0/0	1.0
PST130_10393	1094	1095	C	22	CC	0/0	1.0
PST130_10393	1095	1096	G	26	GG	0/0	1.0
PST130_10393	1096	1097	G	26	GG	0/0	1.0
PST130_10393	1097	1098	C	21	CC	0/0	1.0
PST130_10393	1098	1099	A	23	AA	0/0	1.0
PST130_10393	1105	1106	T	20	TT	0/0	1.0
PST130_10393	1106	1107	T	24	TT	0/0	0.958
PST130_10393	1122	1123	T	29	TT	0/0	1.0
PST130_10393	1123	1124	T	27	TT	0/0	1.0
PST130_10393	1124	1125	A	23	AA	0/0	0.957
PST130_10393	1125	1126	C	27	CC	0/0	1.0
PST130_10393	1126	1127	C	24	CC	0/0	1.0
PST130_10393	1129	1130	G	26	GG	0/0	1.0
PST130_10393	1130	1131	G	22	GG	0/0	1.0
PST130_10393	1131	1132	A	27	AA	0/0	1.0
PST130_10393	1132	1133	T	32	TT	0/0	1.0
PST130_10393	1133	1134	G	33	GG	0/0	1.0
PST130_10393	1134	1135	G	31	GG	0/0	1.0
PST130_10393	1135	1136	A	30	AA	0/0	1.0
PST130_10393	1136	1137	T	25	TT	0/0	1.0
PST130_10393	1137	1138	C	27	CC	0/0	1.0
PST130_10393	1142	1143	G	24	GG	0/0	1.0
PST130_10393	1143	1144	G	28	GG	0/0	1.0
PST130_10393	1144	1145	C	24	CC	0/0	1.0
PST130_10393	1145	1146	G	28	GG	0/0	1.0
PST130_10393	1146	1147	T	28	TT	0/0	1.0
PST130_10393	1147	1148	T	27	TT	0/0	1.0
PST130_10393	1148	1149	C	24	CC	0/0	1.0
PST130_10393	1149	1150	A	20	AA	0/0	0.95
PST130_10393	1150	1151	T	21	TT	0/0	1.0
PST130_10393	1151	1152	G	27	GG	0/0	1.0
PST130_10393	1152	1153	A	31	AA	0/0	0.968
PST130_10393	1153	1154	A	30	AA	0/0	1.0
PST130_10393	1154	1155	C	29	CC	0/0	1.0
PST130_10393	1155	1156	A	26	AA	0/0	1.0
PST130_10393	1156	1157	G	27	GG	0/0	1.0
PST130_10393	1157	1158	T	22	TT	0/0	1.0
PST130_10393	1158	1159	C	31	CC	0/0	1.0
PST130_10393	1159	1160	C	20	CC	0/0	1.0
PST130_10393	1163	1164	C	20	CC	0/0	0.85
PST130_10393	1164	1165	G	23	GG	0/0	1.0
PST130_10393	1165	1166	G	31	GG	0/0	1.0
PST130_10393	1166	1167	T	28	TT	0/0	1.0
PST130_10393	1167	1168	C	23	CC	0/0	1.0
PST130_10393	1168	1169	A	28	AA	0/0	1.0
PST130_10393	1169	1170	A	31	AA	0/0	1.0
PST130_10393	1170	1171	A	29	AA	0/0	1.0
PST130_10393	1171	1172	T	26	TT	0/0	1.0
PST130_10393	1172	1173	G	27	GG	0/0	1.0
PST130_10393	1173	1174	G	27	GG	0/0	1.0
PST130_10393	1174	1175	C	23	CC	0/0	1.0
PST130_10393	1177	1178	T	20	TT	0/0	1.0
PST130_10393	1179	1180	C	20	CC	0/0	1.0
PST130_10393	1180	1181	A	27	AA	0/0	1.0
PST130_10393	1181	1182	A	28	AA	0/0	1.0
PST130_10393	1182	1183	C	26	CC	0/0	1.0
PST130_10393	1183	1184	A	31	AA	0/0	1.0
PST130_10393	1184	1185	G	34	GG	0/0	1.0
PST130_10393	1185	1186	A	33	AA	0/0	1.0
PST130_10393	1186	1187	T	32	TT	0/0	1.0
PST130_10393	1187	1188	G	31	GG	0/0	1.0
PST130_10393	1188	1189	A	31	AA	0/0	1.0
PST130_10393	1189	1190	A	31	AA	0/0	1.0
PST130_10393	1190	1191	T	26	TT	0/0	1.0
PST130_10393	1191	1192	A	31	AA	0/0	1.0
PST130_10393	1192	1193	A	27	AA	0/0	1.0
PST130_10393	1193	1194	T	21	CT	0/1	0.429,0.524
PST130_10393	1194	1195	C	21	CC	0/0	1.0
PST130_10393	1197	1198	G	24	GG	0/0	1.0
PST130_10393	1198	1199	G	22	GG	0/0	1.0
PST130_10393	1201	1202	G	21	GG	0/0	1.0
PST130_10393	1202	1203	G	22	GG	0/0	1.0
PST130_10393	1203	1204	G	20	GG	0/0	1.0
PST130_10393	1212	1213	G	23	GG	0/0	1.0
PST130_10393	1213	1214	G	21	GG	0/0	1.0
PST130_10393	1216	1217	G	20	GG	0/0	1.0
PST130_10393	1217	1218	A	23	AA	0/0	1.0
PST130_10393	1218	1219	A	21	AA	0/0	1.0
PST130_10393	1219	1220	T	21	TT	0/0	1.0
PST130_10393	1220	1221	G	20	GG	0/0	0.95
PST130_10393	1221	1222	G	25	GG	0/0	1.0
PST130_10393	1222	1223	G	20	GG	0/0	1.0
PST130_10393	1224	1225	T	22	TT	0/0	1.0
PST130_10393	1233	1234	G	20	GG	0/0	1.0
PST130_10393	1243	1244	A	22	AA	0/0	1.0
PST130_10393	1244	1245	A	24	AA	0/0	0.958
PST130_10393	1245	1246	C	25	CC	0/0	1.0
PST130_10393	1246	1247	C	23	CC	0/0	1.0
PST130_10393	1249	1250	C	23	CC	0/0	1.0
PST130_10393	1250	1251	C	20	CC	0/0	1.0
PST130_10393	1252	1253	A	21	AA	0/0	1.0
PST130_10393	1253	1254	T	20	TT	0/0	1.0
PST130_10393	1254	1255	C	22	CC	0/0	1.0
PST130_10393	1264	1265	C	24	CC	0/0	1.0
PST130_10393	1266	1267	G	22	GG	0/0	1.0
PST130_10393	1267	1268	A	23	AA	0/0	1.0
PST130_10393	1268	1269	A	22	AA	0/0	1.0
PST130_10393	1270	1271	A	24	AA	0/0	1.0
PST130_10393	1271	1272	A	27	AA	0/0	1.0
PST130_10393	1272	1273	C	25	CC	0/0	1.0
PST130_10393	1273	1274	G	26	GG	0/0	1.0
PST130_10393	1274	1275	G	28	GG	0/0	1.0
PST130_10393	1275	1276	T	26	TT	0/0	1.0
PST130_10393	1276	1277	T	24	TT	0/0	1.0
PST130_10393	1277	1278	C	20	CC	0/0	1.0
PST130_10393	1278	1279	G	22	GG	0/0	1.0
PST130_10393	1280	1281	G	21	GG	0/0	1.0
PST130_10393	1281	1282	G	21	GG	0/0	1.0
PST130_10393	1282	1283	T	20	TT	0/0	1.0
PST130_10393	1283	1284	T	23	TT	0/0	0.957
PST130_10393	1311	1312	T	23	TT	0/0	1.0
